variavel,coeficiente,erro_padrao,estatistica_t,p_valor
const,-17.760996,9.698549,-1.831304,0.067314
qtd_batelada,202.812676,5.700638,35.577186,0.0
tempo_rodando_segundo,0.251134,0.060022,4.184034,3.1e-05
taxa_producao,29.186648,2.171945,13.438022,0.0
oee,-2.093683,0.152025,-13.771955,0.0
turno_4,-14.127852,9.84098,-1.435614,0.151384
turno_5,4.091236,9.95127,0.411127,0.681056
