alvo,quantidade_observacoes,r2,r2_ajustado,aic,bic
oee,1156,0.485343,0.482655,10633.738306,10669.107353
