variavel,coeficiente,erro_padrao,estatistica_t,p_valor
const,-17.231873,10.46383,-1.646804,0.099872
qtd_batelada,192.683375,6.099099,31.592106,0.0
tempo_rodando_segundo,0.300877,0.064641,4.654575,4e-06
taxa_producao,17.617567,2.160975,8.1526,0.0
turno_4,2.237545,10.539892,0.212293,0.831916
turno_5,-10.686587,10.673976,-1.001181,0.31695
