variavel,coeficiente,erro_padrao,estatistica_t,p_valor
const,-1.194834,8.490551,-0.140725,0.888112
qtd_batelada,218.402944,5.030913,43.41219,0.0
tempo_rodando_segundo,0.401329,0.052857,7.592674,0.0
taxa_producao,40.340342,1.979125,20.382923,0.0
oee,7.722575,0.529284,14.590621,0.0
produtividade,-10.00911,0.522525,-19.155289,0.0
turno_4,89.198842,10.126662,8.808316,0.0
turno_5,68.901652,9.30352,7.405976,0.0
